{
  "/auth/login" : {
    "transaction" : "/auth/login",
    "sampleCount" : 100,
    "errorCount" : 2,
    "errorPct" : 2.0,
    "meanResTime" : 744.6600000000002,
    "medianResTime" : 719.5,
    "minResTime" : 698.0,
    "maxResTime" : 1635.0,
    "pct1ResTime" : 759.8,
    "pct2ResTime" : 867.75,
    "pct3ResTime" : 1632.3999999999987,
    "throughput" : 1.6694769528706657,
    "receivedKBytesPerSec" : 4.862808122840114,
    "sentKBytesPerSec" : 0.47117074158166244
  },
  "Total" : {
    "transaction" : "Total",
    "sampleCount" : 300,
    "errorCount" : 2,
    "errorPct" : 0.6666667,
    "meanResTime" : 485.97999999999973,
    "medianResTime" : 469.0,
    "minResTime" : 230.0,
    "maxResTime" : 1635.0,
    "pct1ResTime" : 727.9000000000001,
    "pct2ResTime" : 744.8499999999999,
    "pct3ResTime" : 977.2300000000007,
    "throughput" : 4.950249987624375,
    "receivedKBytesPerSec" : 34.475268344801414,
    "sentKBytesPerSec" : 1.1859973928683398
  },
  "/carts/add" : {
    "transaction" : "/carts/add",
    "sampleCount" : 100,
    "errorCount" : 0,
    "errorPct" : 0.0,
    "meanResTime" : 237.70000000000005,
    "medianResTime" : 236.0,
    "minResTime" : 230.0,
    "maxResTime" : 290.0,
    "pct1ResTime" : 241.0,
    "pct2ResTime" : 255.89999999999998,
    "pct3ResTime" : 289.77999999999986,
    "throughput" : 1.7022145811701024,
    "receivedKBytesPerSec" : 2.8738834536231637,
    "sentKBytesPerSec" : 0.4787478509540913
  },
  "/products" : {
    "transaction" : "/products",
    "sampleCount" : 100,
    "errorCount" : 0,
    "errorPct" : 0.0,
    "meanResTime" : 475.5799999999999,
    "medianResTime" : 469.0,
    "minResTime" : 459.0,
    "maxResTime" : 729.0,
    "pct1ResTime" : 488.8,
    "pct2ResTime" : 508.5999999999999,
    "pct3ResTime" : 727.5799999999992,
    "throughput" : 1.695317532973926,
    "receivedKBytesPerSec" : 27.620033779201847,
    "sentKBytesPerSec" : 0.2632377809988811
  }
}